DATE,SERIES,OPEN,HIGH,LOW,PREV. CLOSE,LTP,CLOSE,VWAP,52W H,52W L,VOLUME,VALUE,NO. OF  TRADES
27-Mar-2026,EQ,"2,246.30","2,269.00","2,201.10","2,270.20","2,209.20","2,207.40","2,225.52","2,985.70","2,115.00",1089010,"2,42,36,08,122.60",69114
25-Mar-2026,EQ,"2,225.10","2,289.70","2,222.00","2,217.30","2,271.00","2,270.20","2,264.27","2,985.70","2,115.00",1270855,"2,87,75,54,227.60",130505
24-Mar-2026,EQ,"2,184.00","2,224.50","2,153.30","2,121.30","2,220.50","2,217.30","2,196.94","2,985.70","2,115.00",1561016,"3,42,94,55,492.80",120036
23-Mar-2026,EQ,"2,180.00","2,180.00","2,115.00","2,195.40","2,120.80","2,121.30","2,138.30","2,985.70","2,115.00",978398,"2,09,21,08,841.10",84243
20-Mar-2026,EQ,"2,210.90","2,224.50","2,185.00","2,186.00","2,204.80","2,195.40","2,201.87","2,985.70","2,162.60",875920,"1,92,86,64,416.50",63193
19-Mar-2026,EQ,"2,220.00","2,239.00","2,180.60","2,262.10","2,195.50","2,186.00","2,196.51","2,985.70","2,162.60",889334,"1,95,34,34,541.30",76804
18-Mar-2026,EQ,"2,235.10","2,270.40","2,228.60","2,238.20","2,260.00","2,262.10","2,250.29","2,985.70","2,162.60",844912,"1,90,12,98,329.50",71339
17-Mar-2026,EQ,"2,217.70","2,261.50","2,217.20","2,217.70","2,240.50","2,238.20","2,236.47","2,985.70","2,162.60",875461,"1,95,79,41,898.00",73022
16-Mar-2026,EQ,"2,185.40","2,227.80","2,175.10","2,196.80","2,215.00","2,217.70","2,206.49","2,985.70","2,162.60",1111587,"2,45,27,02,443.00",97423
13-Mar-2026,EQ,"2,204.70","2,219.70","2,190.00","2,221.20","2,194.10","2,196.80","2,201.90","2,985.70","2,162.60",949233,"2,09,01,14,573.30",87307
12-Mar-2026,EQ,"2,208.00","2,249.90","2,201.00","2,232.00","2,221.40","2,221.20","2,225.28","2,985.70","2,162.60",1384055,"3,07,99,04,845.50",96995
11-Mar-2026,EQ,"2,290.00","2,302.00","2,226.00","2,280.40","2,232.90","2,232.00","2,260.69","2,985.70","2,162.60",687786,"1,55,48,74,263.90",62520
10-Mar-2026,EQ,"2,251.60","2,305.10","2,251.60","2,220.80","2,295.00","2,280.40","2,270.06","2,985.70","2,162.60",1192174,"2,70,63,06,584.20",66092
09-Mar-2026,EQ,"2,200.00","2,230.00","2,162.60","2,279.50","2,217.00","2,220.80","2,190.84","2,985.70","2,162.60",2198153,"4,81,57,98,500.20",119346
06-Mar-2026,EQ,"2,261.70","2,307.90","2,253.70","2,287.80","2,282.00","2,279.50","2,286.88","2,985.70","2,124.75",979742,"2,24,05,50,607.80",66828
05-Mar-2026,EQ,"2,285.20","2,313.00","2,253.70","2,285.20","2,282.50","2,287.80","2,272.72","2,985.70","2,124.75",925040,"2,10,23,55,049.50",79565
04-Mar-2026,EQ,"2,260.70","2,290.90","2,216.30","2,307.10","2,290.00","2,285.20","2,263.98","2,985.70","2,124.75",1610358,"3,64,58,17,586.40",125784
02-Mar-2026,EQ,"2,300.00","2,337.90","2,283.50","2,376.20","2,303.00","2,307.10","2,307.99","2,985.70","2,124.75",2528308,"5,83,52,98,841.60",138273
27-Feb-2026,EQ,"2,385.00","2,397.60","2,359.00","2,394.90","2,375.20","2,376.20","2,376.39","2,985.70","2,124.75",2531619,"6,01,61,02,713.00",74115
26-Feb-2026,EQ,"2,416.10","2,422.20","2,382.00","2,416.40","2,395.00","2,394.90","2,394.64","2,985.70","2,124.75",588742,"1,40,98,27,729.70",57917
25-Feb-2026,EQ,"2,416.00","2,427.90","2,400.00","2,413.10","2,412.50","2,416.40","2,414.51","2,985.70","2,124.75",526764,"1,27,18,77,118.00",45274
24-Feb-2026,EQ,"2,413.00","2,441.50","2,403.70","2,429.70","2,414.40","2,413.10","2,416.00","2,985.70","2,124.75",499660,"1,20,71,76,476.70",46809
23-Feb-2026,EQ,"2,424.70","2,446.60","2,411.50","2,428.10","2,433.80","2,429.70","2,431.42","2,985.70","2,124.75",634365,"1,54,24,08,150.10",55479
20-Feb-2026,EQ,"2,378.20","2,435.70","2,376.10","2,400.80","2,428.00","2,428.10","2,421.15","2,985.70","2,124.75",790329,"1,91,35,05,617.80",37377
19-Feb-2026,EQ,"2,420.00","2,428.00","2,391.10","2,432.10","2,391.60","2,400.80","2,404.58","2,985.70","2,124.75",971600,"2,33,62,85,646.70",74269
18-Feb-2026,EQ,"2,440.00","2,448.20","2,416.50","2,437.40","2,434.40","2,432.10","2,430.48","2,985.70","2,124.75",551809,"1,34,11,58,339.30",57487
17-Feb-2026,EQ,"2,399.50","2,452.40","2,399.50","2,397.20","2,439.00","2,437.40","2,435.81","2,985.70","2,124.75",1004356,"2,44,64,21,005.60",74355
16-Feb-2026,EQ,"2,360.00","2,405.10","2,356.80","2,366.40","2,400.00","2,397.20","2,387.81","2,985.70","2,124.75",683108,"1,63,11,30,020.30",47055
13-Feb-2026,EQ,"2,408.90","2,411.80","2,360.10","2,410.50","2,368.20","2,366.40","2,380.50","2,985.70","2,124.75",675635,"1,60,83,52,322.40",54629
12-Feb-2026,EQ,"2,398.00","2,413.90","2,377.00","2,392.50","2,410.10","2,410.50","2,400.90","2,985.70","2,124.75",607767,"1,45,91,85,362.70",48028
11-Feb-2026,EQ,"2,399.00","2,405.70","2,376.30","2,393.60","2,393.00","2,392.50","2,385.85","2,985.70","2,124.75",3177710,"7,58,15,24,292.70",82578
10-Feb-2026,EQ,"2,419.00","2,420.00","2,386.90","2,417.40","2,396.40","2,393.60","2,394.89","2,985.70","2,124.75",1513620,"3,62,49,48,960.30",68991
09-Feb-2026,EQ,"2,404.00","2,426.20","2,396.80","2,401.10","2,416.50","2,417.40","2,412.27","2,985.70","2,124.75",669839,"1,61,58,29,263.60",66718
06-Feb-2026,EQ,"2,432.00","2,444.00","2,386.10","2,432.10","2,405.00","2,401.10","2,400.75","2,985.70","2,124.75",1043982,"2,50,63,43,304.30",74053
05-Feb-2026,EQ,"2,445.00","2,455.80","2,402.60","2,452.70","2,433.50","2,432.10","2,426.75","2,985.70","2,124.75",1047405,"2,54,17,86,603.30",70946
04-Feb-2026,EQ,"2,430.00","2,463.80","2,417.10","2,426.00","2,450.00","2,452.70","2,448.56","2,985.70","2,124.75",970973,"2,37,74,82,103.60",75111
03-Feb-2026,EQ,"2,525.00","2,525.00","2,391.00","2,402.00","2,424.10","2,426.00","2,427.85","2,985.70","2,124.75",2233860,"5,42,34,77,544.60",99727
02-Feb-2026,EQ,"2,374.90","2,429.50","2,372.00","2,357.00","2,395.00","2,402.00","2,403.28","2,985.70","2,124.75",1183482,"2,84,42,34,574.90",126959
01-Feb-2026,EQ,"2,439.00","2,439.00","2,343.10","2,428.30","2,357.60","2,357.00","2,385.03","2,985.70","2,124.75",801746,"1,91,21,87,547.50",66173
30-Jan-2026,EQ,"2,417.00","2,445.00","2,400.50","2,416.00","2,431.00","2,428.30","2,427.03","2,985.70","2,124.75",2048843,"4,97,25,94,558.10",83085
29-Jan-2026,EQ,"2,511.80","2,514.90","2,410.00","2,511.80","2,415.00","2,416.00","2,431.87","2,985.70","2,124.75",3488159,"8,48,27,51,480.70",160628
28-Jan-2026,EQ,"2,535.00","2,548.50","2,451.00","2,622.80","2,512.00","2,511.80","2,493.59","2,985.70","2,124.75",3430002,"8,55,30,02,482.20",154933
27-Jan-2026,EQ,"2,719.90","2,734.70","2,546.00","2,703.70","2,628.00","2,622.80","2,627.64","2,985.70","2,124.75",3818761,"10,03,43,19,841.10",175338
23-Jan-2026,EQ,"2,703.80","2,782.90","2,690.80","2,703.80","2,704.40","2,703.70","2,743.23","2,985.70","2,124.75",1786635,"4,90,11,41,899.60",94155
22-Jan-2026,EQ,"2,665.30","2,729.90","2,665.30","2,661.10","2,704.20","2,703.80","2,703.64","2,985.70","2,124.75",1290346,"3,48,86,31,249.90",68789
21-Jan-2026,EQ,"2,670.00","2,688.00","2,648.00","2,675.60","2,666.00","2,661.10","2,665.80","2,985.70","2,124.75",914318,"2,43,73,93,473.60",71529
20-Jan-2026,EQ,"2,740.00","2,740.10","2,669.30","2,754.00","2,680.00","2,675.60","2,706.23","2,985.70","2,124.75",911151,"2,46,57,82,705.80",68578
19-Jan-2026,EQ,"2,756.90","2,786.30","2,724.70","2,756.90","2,736.80","2,754.00","2,769.14","2,985.70","2,124.75",1342048,"3,71,63,19,610.10",69012
16-Jan-2026,EQ,"2,787.90","2,826.50","2,750.50","2,813.90","2,756.70","2,756.90","2,791.78","2,985.70","2,124.75",1143463,"3,19,22,96,186.70",64490
14-Jan-2026,EQ,"2,884.00","2,884.00","2,807.30","2,886.30","2,817.00","2,813.90","2,830.57","2,985.70","2,124.75",958254,"2,71,24,07,016.00",77292
13-Jan-2026,EQ,"2,900.00","2,914.50","2,870.80","2,896.40","2,880.20","2,886.30","2,886.35","2,985.70","2,124.75",1051986,"3,03,63,95,120.30",62575
12-Jan-2026,EQ,"2,826.00","2,900.00","2,808.00","2,825.50","2,896.20","2,896.40","2,863.76","2,985.70","2,124.75",1743901,"4,99,41,12,167.40",79358
09-Jan-2026,EQ,"2,789.90","2,856.70","2,786.20","2,786.50","2,838.90","2,825.50","2,829.32","2,985.70","2,124.75",1657381,"4,68,92,69,490.40",80763
08-Jan-2026,EQ,"2,795.00","2,804.70","2,770.10","2,809.40","2,788.00","2,786.50","2,782.60","2,985.70","2,124.75",620031,"1,72,52,99,138.80",55375
07-Jan-2026,EQ,"2,845.80","2,854.70","2,801.10","2,845.80","2,806.00","2,809.40","2,822.62","2,985.70","2,124.75",636748,"1,79,72,99,418.10",50131
06-Jan-2026,EQ,"2,820.00","2,848.40","2,811.60","2,815.60","2,847.40","2,845.80","2,837.59","2,985.70","2,124.75",875891,"2,48,54,22,634.00",59674
05-Jan-2026,EQ,"2,770.00","2,828.00","2,769.00","2,772.60","2,814.00","2,815.60","2,812.38","2,985.70","2,124.75",866733,"2,43,75,81,546.80",51756
02-Jan-2026,EQ,"2,755.80","2,799.00","2,755.80","2,752.00","2,771.60","2,772.60","2,773.17","2,985.70","2,124.75",508884,"1,41,12,22,402.40",34439
01-Jan-2026,EQ,"2,775.90","2,782.70","2,746.10","2,769.50","2,756.00","2,752.00","2,766.47","2,985.70","2,124.75",327945,"90,72,49,993.00",24149
31-Dec-2025,EQ,"2,755.00","2,796.80","2,754.90","2,758.30","2,770.20","2,769.50","2,776.72","2,985.70","2,124.75",1274705,"3,53,94,95,798.20",66442
30-Dec-2025,EQ,"2,770.30","2,792.40","2,741.00","2,775.40","2,753.50","2,758.30","2,765.35","2,985.70","2,124.75",4833527,"13,36,63,91,317.30",124946
29-Dec-2025,EQ,"2,746.50","2,793.80","2,735.00","2,746.50","2,775.00","2,775.40","2,763.82","2,985.70","2,124.75",815529,"2,25,39,77,239.60",40786
26-Dec-2025,EQ,"2,785.00","2,794.40","2,743.00","2,785.50","2,746.60","2,746.50","2,756.66","2,985.70","2,124.75",532078,"1,46,67,57,575.60",40175
24-Dec-2025,EQ,"2,807.80","2,824.70","2,782.00","2,807.80","2,786.00","2,785.50","2,800.01","2,985.70","2,124.75",512144,"1,43,40,07,847.30",31706
23-Dec-2025,EQ,"2,798.00","2,819.00","2,783.10","2,807.60","2,808.00","2,807.80","2,802.62","2,985.70","2,124.75",431068,"1,20,81,20,827.50",40104
22-Dec-2025,EQ,"2,785.80","2,823.10","2,780.30","2,799.90","2,801.90","2,807.60","2,804.16","2,985.70","2,124.75",463953,"1,30,09,99,073.90",41440
19-Dec-2025,EQ,"2,766.40","2,812.40","2,759.70","2,759.70","2,788.30","2,799.90","2,797.35","2,985.70","2,124.75",3895542,"10,89,71,89,760.20",88858
18-Dec-2025,EQ,"2,780.00","2,793.80","2,755.30","2,785.70","2,758.40","2,759.70","2,765.05","2,985.70","2,124.75",417994,"1,15,57,75,554.90",57565
17-Dec-2025,EQ,"2,800.00","2,806.50","2,772.00","2,790.90","2,785.80","2,785.70","2,788.10","2,985.70","2,124.75",636499,"1,77,46,25,900.80",45705
16-Dec-2025,EQ,"2,793.00","2,808.00","2,776.10","2,780.20","2,785.00","2,790.90","2,792.52","2,985.70","2,124.75",916244,"2,55,86,31,583.80",59237
15-Dec-2025,EQ,"2,773.10","2,802.00","2,758.70","2,764.80","2,777.80","2,780.20","2,784.26","2,985.70","2,124.75",1029674,"2,86,68,76,315.30",66894
12-Dec-2025,EQ,"2,795.00","2,797.00","2,746.00","2,779.40","2,765.00","2,764.80","2,768.36","2,985.70","2,124.75",977696,"2,70,66,14,447.50",67771
11-Dec-2025,EQ,"2,800.00","2,811.60","2,763.20","2,804.50","2,776.50","2,779.40","2,783.16","2,985.70","2,124.75",777422,"2,16,36,86,674.40",69563
10-Dec-2025,EQ,"2,810.00","2,824.00","2,796.70","2,796.00","2,801.30","2,804.50","2,806.37","2,985.70","2,124.75",845073,"2,37,15,88,651.50",61106
09-Dec-2025,EQ,"2,910.00","2,913.50","2,788.50","2,928.30","2,793.70","2,796.00","2,813.86","2,985.70","2,124.75",1839391,"5,17,57,89,766.70",124144
08-Dec-2025,EQ,"2,970.00","2,974.50","2,914.80","2,968.50","2,924.00","2,928.30","2,934.32","2,985.70","2,124.75",983544,"2,88,60,37,065.10",78611
05-Dec-2025,EQ,"2,955.00","2,973.50","2,941.00","2,957.20","2,961.60","2,968.50","2,960.47","2,985.70","2,124.75",944978,"2,79,75,78,281.60",53579
04-Dec-2025,EQ,"2,950.00","2,985.70","2,934.00","2,953.50","2,955.00","2,957.20","2,966.56","2,985.70","2,124.75",1466098,"4,34,92,71,425.80",82703
03-Dec-2025,EQ,"2,969.00","2,969.20","2,932.60","2,954.40","2,950.00","2,953.50","2,947.69","2,969.20","2,124.75",1252456,"3,69,18,47,992.40",76198
02-Dec-2025,EQ,"2,867.00","2,962.00","2,861.20","2,867.60","2,958.00","2,954.40","2,926.33","2,962.00","2,124.75",2102147,"6,15,15,86,283.70",106277
01-Dec-2025,EQ,"2,877.70","2,887.50","2,848.00","2,874.40","2,864.00","2,867.60","2,862.12","2,926.90","2,124.75",499153,"1,42,86,37,555.30",50622
28-Nov-2025,EQ,"2,880.00","2,889.90","2,855.80","2,879.10","2,872.60","2,874.40","2,874.51","2,926.90","2,124.75",748446,"2,15,14,17,620.20",49967
27-Nov-2025,EQ,"2,880.00","2,914.50","2,871.40","2,874.00","2,875.70","2,879.10","2,888.80","2,926.90","2,124.75",1158685,"3,34,72,03,855.30",88437
26-Nov-2025,EQ,"2,880.00","2,896.20","2,857.60","2,875.80","2,872.00","2,874.00","2,876.72","2,926.90","2,124.75",570376,"1,64,08,09,372.10",54610
25-Nov-2025,EQ,"2,899.90","2,908.50","2,869.00","2,879.20","2,878.00","2,875.80","2,886.20","2,926.90","2,124.75",972417,"2,80,65,87,933.10",71298
24-Nov-2025,EQ,"2,876.00","2,896.50","2,864.50","2,876.60","2,888.00","2,879.20","2,879.32","2,926.90","2,124.75",5404326,"15,56,07,66,526.90",83082
21-Nov-2025,EQ,"2,869.00","2,895.60","2,854.10","2,859.80","2,876.00","2,876.60","2,872.20","2,926.90","2,124.75",857340,"2,46,24,51,544.00",69368
20-Nov-2025,EQ,"2,897.40","2,906.10","2,852.50","2,893.70","2,860.00","2,859.80","2,868.16","2,926.90","2,124.75",1062883,"3,04,85,21,729.90",75196
19-Nov-2025,EQ,"2,914.00","2,916.00","2,887.20","2,906.00","2,892.00","2,893.70","2,902.70","2,926.90","2,124.75",1387906,"4,02,86,71,093.90",64158
18-Nov-2025,EQ,"2,886.00","2,916.00","2,862.10","2,887.90","2,902.20","2,906.00","2,902.78","2,926.90","2,124.75",1819066,"5,28,03,44,681.70",110891
17-Nov-2025,EQ,"2,906.40","2,926.90","2,880.00","2,906.40","2,885.40","2,887.90","2,898.89","2,926.90","2,124.75",1230683,"3,56,76,12,443.80",70388
14-Nov-2025,EQ,"2,865.10","2,909.90","2,862.00","2,879.40","2,902.00","2,906.40","2,898.97","2,909.90","2,124.75",2494076,"7,23,02,41,805.20",125526
13-Nov-2025,EQ,"2,858.90","2,897.10","2,840.00","2,769.80","2,874.30","2,879.40","2,871.67","2,897.10","2,124.75",5933630,"17,03,93,98,688.50",219878
12-Nov-2025,EQ,"2,660.00","2,838.70","2,642.10","2,657.20","2,832.00","2,769.80","2,741.80","2,838.70","2,124.75",2859196,"7,83,93,29,437.10",137014
11-Nov-2025,EQ,"2,650.40","2,664.90","2,633.40","2,650.40","2,660.00","2,657.20","2,646.37","2,666.80","2,124.75",776404,"2,05,46,50,737.90",63951
10-Nov-2025,EQ,"2,613.80","2,666.80","2,611.10","2,613.80","2,651.90","2,650.40","2,653.68","2,666.80","2,124.75",1706880,"4,52,95,10,455.90",77760
07-Nov-2025,EQ,"2,602.90","2,618.90","2,585.00","2,602.90","2,612.00","2,613.80","2,601.78","2,962.15","2,124.75",791663,"2,05,97,32,475.00",56147
06-Nov-2025,EQ,"2,560.10","2,631.00","2,560.10","2,486.70","2,602.10","2,602.90","2,604.41","2,962.15","2,124.75",4448622,"11,58,60,31,696.00",209979
04-Nov-2025,EQ,"2,510.00","2,521.00","2,479.70","2,512.20","2,492.00","2,486.70","2,496.08","2,962.15","2,124.75",527087,"1,31,56,51,964.00",42628
03-Nov-2025,EQ,"2,496.20","2,515.30","2,495.00","2,510.80","2,512.00","2,512.20","2,505.25","2,962.15","2,124.75",425210,"1,06,52,58,034.80",41586
31-Oct-2025,EQ,"2,523.40","2,530.00","2,505.30","2,523.50","2,508.10","2,510.80","2,515.24","3,028.00","2,124.75",609128,"1,53,21,03,170.50",43085
30-Oct-2025,EQ,"2,535.50","2,538.70","2,513.30","2,538.70","2,523.00","2,523.50","2,523.94","3,028.00","2,124.75",736486,"1,85,88,42,863.90",49018
29-Oct-2025,EQ,"2,520.00","2,550.80","2,512.50","2,509.30","2,539.40","2,538.70","2,534.93","3,028.00","2,124.75",615292,"1,55,97,22,955.50",45365
28-Oct-2025,EQ,"2,515.00","2,528.60","2,492.00","2,518.80","2,501.20","2,509.30","2,509.62","3,028.00","2,124.75",1103957,"2,77,05,13,693.30",62453
27-Oct-2025,EQ,"2,501.60","2,530.00","2,499.60","2,501.60","2,514.60","2,518.80","2,519.31","3,028.00","2,124.75",550089,"1,38,58,46,403.60",48857
24-Oct-2025,EQ,"2,495.00","2,506.70","2,486.30","2,502.40","2,501.80","2,501.60","2,497.96","3,057.95","2,124.75",327596,"81,83,20,317.00",29053
23-Oct-2025,EQ,"2,518.90","2,546.00","2,496.80","2,504.60","2,499.70","2,502.40","2,523.09","3,057.95","2,124.75",811738,"2,04,80,84,911.10",63303
21-Oct-2025,EQ,"2,513.00","2,519.20","2,484.00","2,516.00","2,500.00","2,504.60","2,505.60","3,057.95","2,124.75",107942,"27,04,59,921.20",10708
20-Oct-2025,EQ,"2,507.80","2,537.10","2,500.70","2,507.80","2,516.00","2,516.00","2,519.10","3,057.95","2,124.75",714986,"1,80,11,19,633.40",56822
17-Oct-2025,EQ,"2,421.00","2,544.00","2,421.00","2,409.70","2,507.80","2,507.80","2,509.32","3,103.55","2,124.75",3719960,"9,33,45,53,256.90",150551
16-Oct-2025,EQ,"2,377.00","2,420.80","2,366.90","2,375.10","2,409.30","2,409.70","2,393.30","3,103.55","2,124.75",715890,"1,71,33,39,299.00",47988
15-Oct-2025,EQ,"2,330.00","2,384.00","2,325.00","2,318.10","2,377.00","2,375.10","2,365.88","3,103.55","2,124.75",753640,"1,78,30,22,180.80",48939
14-Oct-2025,EQ,"2,342.40","2,355.00","2,308.00","2,342.50","2,314.00","2,318.10","2,327.55","3,103.55","2,124.75",353345,"82,24,27,063.90",34507
13-Oct-2025,EQ,"2,340.20","2,366.60","2,337.00","2,340.20","2,343.00","2,342.50","2,349.68","3,103.55","2,124.75",667732,"1,56,89,54,283.80",40981
10-Oct-2025,EQ,"2,338.90","2,357.80","2,336.60","2,336.40","2,338.60","2,340.20","2,345.59","3,146.70","2,124.75",1117236,"2,62,05,77,770.70",45433
09-Oct-2025,EQ,"2,328.50","2,341.00","2,323.80","2,328.50","2,340.00","2,336.40","2,333.33","3,146.70","2,124.75",587567,"1,37,09,89,777.50",45913
08-Oct-2025,EQ,"2,360.00","2,369.40","2,320.00","2,352.80","2,323.00","2,328.50","2,336.21","3,146.70","2,124.75",701799,"1,63,95,47,744.80",48589
07-Oct-2025,EQ,"2,355.00","2,371.40","2,346.00","2,354.80","2,354.70","2,352.80","2,359.19","3,146.70","2,124.75",498524,"1,17,61,10,967.30",35086
06-Oct-2025,EQ,"2,355.00","2,359.20","2,334.10","2,357.80","2,355.10","2,354.80","2,348.85","3,146.70","2,124.75",362107,"85,05,35,067.30",28576
03-Oct-2025,EQ,"2,342.20","2,362.70","2,336.10","2,335.80","2,358.10","2,357.80","2,350.46","3,358.00","2,124.75",659872,"1,55,10,00,342.70",49330
01-Oct-2025,EQ,"2,353.40","2,357.00","2,321.20","2,350.00","2,339.70","2,335.80","2,333.18","3,358.00","2,124.75",648279,"1,51,25,51,558.60",45070
30-Sep-2025,EQ,"2,352.00","2,388.80","2,340.00","2,342.60","2,353.00","2,350.00","2,353.55","3,358.00","2,124.75",778874,"1,83,31,17,902.00",56814
29-Sep-2025,EQ,"2,342.90","2,363.70","2,329.20","2,342.80","2,352.00","2,342.60","2,344.85","3,358.00","2,124.75",950369,"2,22,84,69,864.40",61544
26-Sep-2025,EQ,"2,397.50","2,400.00","2,339.00","2,404.00","2,342.00","2,342.80","2,359.94","3,358.00","2,124.75",1089446,"2,57,10,28,693.60",88638
25-Sep-2025,EQ,"2,458.50","2,462.70","2,388.00","2,457.20","2,404.00","2,404.00","2,413.29","3,358.00","2,124.75",1518215,"3,66,38,92,010.10",81168
24-Sep-2025,EQ,"2,446.00","2,475.00","2,443.20","2,446.90","2,458.50","2,457.20","2,461.22","3,358.00","2,124.75",637749,"1,56,96,39,539.80",54569
23-Sep-2025,EQ,"2,472.10","2,483.80","2,428.00","2,482.70","2,450.00","2,446.90","2,449.86","3,358.00","2,124.75",1332111,"3,26,34,85,069.30",63604
22-Sep-2025,EQ,"2,494.10","2,503.00","2,474.10","2,481.70","2,479.90","2,482.70","2,488.32","3,358.00","2,124.75",872806,"2,17,18,23,851.00",47534
19-Sep-2025,EQ,"2,475.00","2,509.50","2,468.50","2,478.70","2,495.80","2,481.70","2,485.15","3,394.90","2,124.75",3731525,"9,27,34,01,995.40",68897
18-Sep-2025,EQ,"2,497.90","2,506.20","2,469.30","2,493.60","2,478.00","2,478.70","2,484.30","3,394.90","2,124.75",400796,"99,56,96,737.60",34436
17-Sep-2025,EQ,"2,482.00","2,496.90","2,480.80","2,480.90","2,494.50","2,493.60","2,487.70","3,394.90","2,124.75",359627,"89,46,42,603.90",33061
16-Sep-2025,EQ,"2,495.00","2,509.90","2,474.50","2,502.60","2,482.00","2,480.90","2,488.81","3,394.90","2,124.75",760790,"1,89,34,58,633.60",54288
15-Sep-2025,EQ,"2,535.10","2,543.50","2,498.00","2,546.30","2,504.90","2,502.60","2,509.44","3,394.90","2,124.75",583051,"1,46,31,34,103.00",43109
12-Sep-2025,EQ,"2,560.00","2,568.30","2,537.20","2,555.90","2,540.50","2,546.30","2,550.82","3,394.90","2,124.75",547539,"1,39,66,74,809.30",40076
11-Sep-2025,EQ,"2,541.00","2,559.50","2,535.70","2,543.30","2,558.00","2,555.90","2,551.45","3,394.90","2,124.75",423961,"1,08,17,16,977.90",39190
10-Sep-2025,EQ,"2,537.30","2,555.00","2,525.10","2,537.30","2,541.00","2,543.30","2,538.02","3,394.90","2,124.75",520584,"1,32,12,51,315.40",32637
09-Sep-2025,EQ,"2,540.00","2,551.60","2,524.80","2,530.80","2,541.30","2,537.30","2,537.81","3,394.90","2,124.75",702450,"1,78,26,83,504.90",47923
08-Sep-2025,EQ,"2,579.90","2,589.60","2,526.40","2,579.90","2,535.00","2,530.80","2,550.52","3,394.90","2,124.75",742880,"1,89,47,27,092.80",36682
05-Sep-2025,EQ,"2,565.00","2,602.00","2,565.00","2,568.60","2,581.90","2,579.90","2,581.22","3,394.90","2,124.75",1153436,"2,97,72,75,502.90",52228
04-Sep-2025,EQ,"2,553.90","2,583.00","2,553.00","2,553.90","2,570.00","2,568.60","2,570.37","3,394.90","2,124.75",933071,"2,39,83,37,278.70",74273
03-Sep-2025,EQ,"2,530.00","2,565.10","2,527.30","2,540.00","2,560.00","2,553.90","2,550.67","3,394.90","2,124.75",925847,"2,36,15,33,560.30",56343
02-Sep-2025,EQ,"2,569.00","2,571.90","2,531.00","2,570.20","2,538.00","2,540.00","2,549.56","3,394.90","2,124.75",1024054,"2,61,08,85,776.30",85903
01-Sep-2025,EQ,"2,518.00","2,577.80","2,515.10","2,518.60","2,570.00","2,570.20","2,559.95","3,394.90","2,124.75",1314833,"3,36,59,06,195.70",62406
29-Aug-2025,EQ,"2,491.00","2,531.60","2,490.00","2,489.00","2,520.00","2,518.60","2,513.22","3,394.90","2,124.75",1798653,"4,52,04,02,451.20",105469
28-Aug-2025,EQ,"2,465.00","2,528.00","2,465.00","2,481.40","2,490.00","2,489.00","2,505.93","3,394.90","2,124.75",1485769,"3,72,32,34,769.70",105181
26-Aug-2025,EQ,"2,481.10","2,523.30","2,468.00","2,492.90","2,493.00","2,481.40","2,483.54","3,394.90","2,124.75",7106393,"17,64,90,19,058.80",134307
25-Aug-2025,EQ,"2,516.00","2,522.50","2,476.00","2,504.50","2,494.00","2,492.90","2,493.95","3,394.90","2,124.75",766497,"1,91,16,06,922.90",59779
22-Aug-2025,EQ,"2,562.80","2,569.30","2,501.10","2,566.60","2,505.00","2,504.50","2,519.14","3,394.90","2,124.75",523774,"1,31,94,57,472.40",46272
21-Aug-2025,EQ,"2,574.90","2,576.00","2,559.30","2,570.10","2,569.00","2,566.60","2,566.26","3,394.90","2,124.75",781082,"2,00,44,58,783.10",38208
20-Aug-2025,EQ,"2,578.00","2,579.30","2,563.40","2,579.40","2,570.50","2,570.10","2,571.05","3,394.90","2,124.75",308028,"79,19,56,221.80",36979
19-Aug-2025,EQ,"2,587.40","2,595.00","2,561.20","2,587.40","2,581.00","2,579.40","2,579.08","3,394.90","2,124.75",698587,"1,80,17,13,644.40",60592
18-Aug-2025,EQ,"2,550.00","2,595.00","2,536.60","2,528.70","2,589.90","2,587.40","2,573.28","3,394.90","2,124.75",1755615,"4,51,76,86,760.70",107645
14-Aug-2025,EQ,"2,505.00","2,534.90","2,497.70","2,500.20","2,530.00","2,528.70","2,519.33","3,394.90","2,124.75",1088550,"2,74,24,13,198.50",82726
13-Aug-2025,EQ,"2,479.80","2,504.40","2,461.20","2,478.30","2,501.00","2,500.20","2,494.95","3,394.90","2,124.75",350844,"87,53,36,847.90",31382
12-Aug-2025,EQ,"2,489.10","2,502.80","2,474.00","2,489.10","2,479.80","2,478.30","2,488.18","3,394.90","2,124.75",608984,"1,51,52,59,131.70",61510
11-Aug-2025,EQ,"2,463.90","2,504.20","2,452.00","2,475.60","2,491.40","2,489.10","2,484.31","3,394.90","2,124.75",721135,"1,79,15,20,953.60",66377
08-Aug-2025,EQ,"2,506.50","2,511.70","2,468.50","2,506.50","2,476.00","2,475.60","2,491.63","3,394.90","2,124.75",1178226,"2,93,57,02,156.30",109498
07-Aug-2025,EQ,"2,484.10","2,510.00","2,466.90","2,491.20","2,508.00","2,506.50","2,490.68","3,394.90","2,124.75",1502806,"3,74,30,02,537.30",75726
06-Aug-2025,EQ,"2,440.00","2,505.60","2,440.00","2,436.80","2,484.10","2,491.20","2,486.79","3,394.90","2,124.75",2019109,"5,02,10,94,057.10",106533
05-Aug-2025,EQ,"2,461.90","2,463.70","2,409.10","2,449.80","2,434.90","2,436.80","2,432.86","3,394.90","2,124.75",659094,"1,60,34,80,439.00",43105
04-Aug-2025,EQ,"2,443.20","2,467.00","2,439.60","2,431.00","2,450.00","2,449.80","2,452.78","3,394.90","2,124.75",1165898,"2,85,96,89,906.00",75984
01-Aug-2025,EQ,"2,378.00","2,472.00","2,378.00","2,396.10","2,434.00","2,431.00","2,446.65","3,394.90","2,124.75",2225293,"5,44,45,03,615.10",109846
31-Jul-2025,EQ,"2,401.40","2,417.20","2,373.50","2,415.80","2,391.00","2,396.10","2,399.72","3,394.90","2,124.75",1274735,"3,05,90,12,568.50",86988
30-Jul-2025,EQ,"2,409.00","2,443.80","2,366.50","2,401.50","2,411.00","2,415.80","2,418.53","3,394.90","2,124.75",1685818,"4,07,72,05,818.80",101534
29-Jul-2025,EQ,"2,359.00","2,418.30","2,325.00","2,359.60","2,406.10","2,401.50","2,386.54","3,394.90","2,124.75",1742815,"4,15,93,05,149.80",114151
28-Jul-2025,EQ,"2,336.20","2,366.40","2,320.00","2,336.20","2,359.50","2,359.60","2,350.85","3,394.90","2,124.75",650364,"1,52,89,10,548.30",48878
25-Jul-2025,EQ,"2,340.00","2,350.50","2,325.80","2,352.10","2,338.90","2,336.20","2,336.97","3,394.90","2,124.75",383636,"89,65,46,545.90",35385
24-Jul-2025,EQ,"2,375.40","2,380.00","2,341.00","2,375.40","2,352.00","2,352.10","2,356.35","3,394.90","2,124.75",506960,"1,19,45,73,369.30",37060
23-Jul-2025,EQ,"2,363.00","2,384.70","2,352.60","2,365.20","2,381.20","2,375.40","2,363.97","3,394.90","2,124.75",368999,"87,23,01,520.90",35010
22-Jul-2025,EQ,"2,375.40","2,380.80","2,361.30","2,375.40","2,365.00","2,365.20","2,367.87","3,394.90","2,124.75",411317,"97,39,45,345.90",36497
21-Jul-2025,EQ,"2,382.40","2,408.00","2,360.80","2,382.40","2,378.80","2,375.40","2,371.87","3,394.90","2,124.75",390934,"92,72,44,568.90",30724
18-Jul-2025,EQ,"2,400.60","2,405.00","2,372.30","2,398.90","2,380.00","2,382.40","2,384.68","3,394.90","2,124.75",599552,"1,42,97,40,039.30",89418
17-Jul-2025,EQ,"2,404.10","2,414.00","2,394.00","2,410.50","2,398.30","2,398.90","2,402.73","3,394.90","2,124.75",526164,"1,26,42,29,735.30",50280
16-Jul-2025,EQ,"2,381.00","2,422.40","2,371.00","2,393.50","2,403.00","2,410.50","2,405.09","3,394.90","2,124.75",1200913,"2,88,83,01,085.20",72926
15-Jul-2025,EQ,"2,409.90","2,415.00","2,386.30","2,401.60","2,396.00","2,393.50","2,396.48","3,394.90","2,124.75",610228,"1,46,23,97,463.30",58145
14-Jul-2025,EQ,"2,431.10","2,448.60","2,391.00","2,439.20","2,404.80","2,401.60","2,406.44","3,394.90","2,124.75",891624,"2,14,56,38,312.60",56494
11-Jul-2025,EQ,"2,447.50","2,484.80","2,435.50","2,451.20","2,439.00","2,439.20","2,456.51","3,394.90","2,124.75",1050466,"2,58,04,76,380.10",81854
10-Jul-2025,EQ,"2,507.30","2,512.00","2,445.10","2,498.90","2,447.50","2,451.20","2,474.60","3,394.90","2,124.75",932978,"2,30,87,43,113.10",61536
09-Jul-2025,EQ,"2,520.50","2,535.00","2,492.90","2,484.60","2,497.30","2,498.90","2,510.99","3,394.90","2,124.75",2328785,"5,84,75,45,663.90",119059
08-Jul-2025,EQ,"2,440.50","2,488.00","2,437.30","2,442.80","2,487.90","2,484.60","2,468.93","3,394.90","2,124.75",1136367,"2,80,56,13,212.20",70976
07-Jul-2025,EQ,"2,423.30","2,465.10","2,421.00","2,424.20","2,448.00","2,442.80","2,445.69","3,394.90","2,124.75",869054,"2,12,54,38,016.90",65276
04-Jul-2025,EQ,"2,430.90","2,443.00","2,412.00","2,430.90","2,428.00","2,424.20","2,424.40","3,394.90","2,124.75",602320,"1,46,02,65,353.90",45164
03-Jul-2025,EQ,"2,428.90","2,464.40","2,425.00","2,419.40","2,430.50","2,430.90","2,444.49","3,394.90","2,124.75",1547489,"3,78,28,22,817.80",90059
02-Jul-2025,EQ,"2,340.00","2,430.00","2,327.00","2,369.50","2,426.30","2,419.40","2,385.77","3,394.90","2,124.75",1936060,"4,61,89,93,872.20",83746
01-Jul-2025,EQ,"2,380.50","2,400.00","2,350.20","2,341.10","2,370.10","2,369.50","2,372.28","3,394.90","2,124.75",1232160,"2,92,30,27,853.10",78111
30-Jun-2025,EQ,"2,362.00","2,369.90","2,326.10","2,358.70","2,341.90","2,341.10","2,341.18","3,394.90","2,124.75",785414,"1,83,87,97,546.00",63584
27-Jun-2025,EQ,"2,283.00","2,364.50","2,277.10","2,289.80","2,362.00","2,358.70","2,335.40","3,394.90","2,124.75",1555259,"3,63,21,56,218.30",80723
26-Jun-2025,EQ,"2,287.00","2,292.60","2,280.20","2,279.90","2,285.60","2,289.80","2,287.73","3,394.90","2,124.75",921519,"2,10,81,87,443.90",55025
25-Jun-2025,EQ,"2,276.10","2,294.30","2,275.40","2,275.30","2,280.00","2,279.90","2,281.51","3,394.90","2,124.75",807391,"1,84,20,73,400.20",36233
24-Jun-2025,EQ,"2,305.00","2,309.70","2,268.90","2,264.10","2,277.00","2,275.30","2,285.84","3,394.90","2,124.75",1044179,"2,38,68,26,686.10",68456
23-Jun-2025,EQ,"2,261.20","2,272.80","2,253.90","2,285.70","2,264.00","2,264.10","2,263.57","3,394.90","2,124.75",596186,"1,34,95,08,429.40",46126
20-Jun-2025,EQ,"2,267.00","2,289.90","2,263.00","2,268.00","2,279.50","2,285.70","2,283.48","3,394.90","2,124.75",1945030,"4,44,14,32,827.30",50866
19-Jun-2025,EQ,"2,270.00","2,285.00","2,264.00","2,281.40","2,266.70","2,268.00","2,275.72","3,394.90","2,124.75",524936,"1,19,46,09,089.70",37899
18-Jun-2025,EQ,"2,257.00","2,284.00","2,255.00","2,264.80","2,277.80","2,281.40","2,273.14","3,394.90","2,124.75",1131156,"2,57,12,76,672.00",52509
17-Jun-2025,EQ,"2,231.00","2,281.00","2,227.00","2,244.80","2,264.00","2,264.80","2,264.49","3,394.90","2,124.75",1540986,"3,48,95,41,462.20",60073
16-Jun-2025,EQ,"2,214.20","2,250.00","2,209.30","2,214.20","2,241.00","2,244.80","2,233.86","3,394.90","2,124.75",1301826,"2,90,80,99,540.00",61568
13-Jun-2025,EQ,"2,175.00","2,217.10","2,174.80","2,219.40","2,216.60","2,214.20","2,202.96","3,394.90","2,124.75",1786808,"3,93,62,59,598.60",84761
12-Jun-2025,EQ,"2,224.00","2,263.00","2,208.10","2,208.80","2,225.00","2,219.40","2,237.04","3,394.90","2,124.75",3417375,"7,64,48,03,902.00",138345
11-Jun-2025,EQ,"2,209.00","2,225.90","2,207.20","2,218.90","2,207.60","2,208.80","2,214.30","3,394.90","2,124.75",1431027,"3,16,87,20,833.50",57088
10-Jun-2025,EQ,"2,240.00","2,240.00","2,215.20","2,247.90","2,217.90","2,218.90","2,222.99","3,394.90","2,124.75",1809078,"4,02,15,64,944.30",85274
09-Jun-2025,EQ,"2,240.00","2,255.80","2,236.00","2,245.20","2,251.00","2,247.90","2,246.94","3,394.90","2,124.75",1041859,"2,34,09,93,113.80",46288
06-Jun-2025,EQ,"2,249.10","2,252.60","2,239.00","2,243.50","2,245.20","2,245.20","2,244.85","3,394.90","2,124.75",822087,"1,84,54,64,870.70",36801
05-Jun-2025,EQ,"2,251.10","2,261.00","2,233.00","2,249.00","2,242.00","2,243.50","2,244.09","3,394.90","2,124.75",996615,"2,23,64,94,687.30",51385
04-Jun-2025,EQ,"2,249.50","2,261.00","2,240.90","2,255.70","2,251.00","2,249.00","2,248.65","3,394.90","2,124.75",768084,"1,72,71,51,815.70",36037
03-Jun-2025,EQ,"2,272.60","2,287.30","2,246.70","2,266.70","2,258.00","2,255.70","2,259.11","3,394.90","2,124.75",792587,"1,79,05,40,599.80",55680
02-Jun-2025,EQ,"2,259.10","2,272.30","2,257.90","2,259.10","2,268.50","2,266.70","2,265.52","3,394.90","2,124.75",702789,"1,59,21,80,294.90",41035
30-May-2025,EQ,"2,296.50","2,304.00","2,255.00","2,294.30","2,261.00","2,259.10","2,263.70","3,394.90","2,124.75",3610474,"8,17,30,46,111.50",82010
29-May-2025,EQ,"2,303.20","2,309.00","2,286.50","2,303.20","2,295.00","2,294.30","2,293.62","3,394.90","2,124.75",1414643,"3,24,46,58,118.70",58620
28-May-2025,EQ,"2,327.60","2,333.00","2,300.30","2,327.60","2,305.00","2,303.20","2,308.17","3,394.90","2,124.75",774808,"1,78,83,86,495.70",63744
27-May-2025,EQ,"2,313.10","2,351.60","2,301.10","2,327.20","2,327.50","2,327.60","2,332.79","3,394.90","2,124.75",2485428,"5,79,79,81,367.60",98440
26-May-2025,EQ,"2,316.00","2,338.00","2,302.80","2,315.50","2,325.60","2,327.20","2,318.72","3,394.90","2,124.75",1258062,"2,91,70,99,101.90",68731
23-May-2025,EQ,"2,301.80","2,329.00","2,295.00","2,299.20","2,315.00","2,315.50","2,316.37","3,394.90","2,124.75",458035,"1,06,09,77,681.90",33970
22-May-2025,EQ,"2,309.20","2,310.00","2,283.10","2,312.40","2,297.60","2,299.20","2,297.00","3,394.90","2,124.75",916504,"2,10,52,08,273.10",62407
21-May-2025,EQ,"2,296.00","2,316.20","2,290.00","2,295.60","2,308.30","2,312.40","2,307.71","3,394.90","2,124.75",469330,"1,08,30,76,347.70",41864
20-May-2025,EQ,"2,347.50","2,347.70","2,291.40","2,331.40","2,298.70","2,295.60","2,306.25","3,394.90","2,124.75",1095846,"2,52,72,89,936.00",61266
19-May-2025,EQ,"2,353.60","2,378.90","2,326.60","2,353.60","2,331.00","2,331.40","2,347.23","3,394.90","2,124.75",552961,"1,29,79,28,267.50",50106
16-May-2025,EQ,"2,333.90","2,355.00","2,315.00","2,329.90","2,353.00","2,353.60","2,340.13","3,394.90","2,124.75",785113,"1,83,72,68,694.20",54809
15-May-2025,EQ,"2,285.00","2,335.50","2,268.00","2,282.30","2,331.40","2,329.90","2,306.60","3,394.90","2,124.75",1675016,"3,86,35,90,864.00",113120
14-May-2025,EQ,"2,319.00","2,319.00","2,277.10","2,324.60","2,286.00","2,282.30","2,288.00","3,394.90","2,124.75",1549845,"3,54,60,48,010.40",116059
13-May-2025,EQ,"2,354.00","2,358.00","2,315.10","2,356.40","2,322.60","2,324.60","2,328.80","3,394.90","2,124.75",1220489,"2,84,22,70,299.00",81010
12-May-2025,EQ,"2,330.00","2,378.50","2,321.00","2,299.60","2,339.30","2,356.40","2,358.02","3,394.90","2,124.75",940135,"2,21,68,52,600.70",47346
09-May-2025,EQ,"2,246.60","2,331.80","2,245.00","2,302.60","2,307.90","2,299.60","2,300.34","3,394.90","2,124.75",1503010,"3,45,74,41,372.60",92881
08-May-2025,EQ,"2,322.00","2,349.10","2,293.50","2,334.10","2,300.00","2,302.60","2,318.80","3,394.90","2,124.75",2292261,"5,31,52,92,783.00",135625
07-May-2025,EQ,"2,388.00","2,405.70","2,318.50","2,418.00","2,322.00","2,334.10","2,361.98","3,394.90","2,124.75",1711760,"4,04,31,39,077.00",109336
06-May-2025,EQ,"2,442.00","2,449.90","2,391.10","2,436.90","2,414.40","2,418.00","2,413.16","3,394.90","2,124.75",702819,"1,69,60,15,229.20",43489
05-May-2025,EQ,"2,423.10","2,475.00","2,423.10","2,409.80","2,441.00","2,436.90","2,454.15","3,394.90","2,124.75",1229593,"3,01,76,08,685.60",70327
02-May-2025,EQ,"2,425.00","2,444.90","2,398.00","2,425.70","2,406.00","2,409.80","2,421.26","3,394.90","2,124.75",928084,"2,24,71,36,438.60",58084
30-Apr-2025,EQ,"2,450.00","2,462.20","2,401.50","2,451.10","2,416.50","2,425.70","2,432.24","3,394.90","2,124.75",1479678,"3,59,89,36,957.00",77845
29-Apr-2025,EQ,"2,460.00","2,472.00","2,441.60","2,452.20","2,456.10","2,451.10","2,456.45","3,394.90","2,124.75",1235066,"3,03,38,72,117.50",63588
28-Apr-2025,EQ,"2,419.90","2,459.80","2,405.00","2,431.60","2,446.20","2,452.20","2,440.86","3,394.90","2,124.75",554922,"1,35,44,85,970.80",52292
25-Apr-2025,EQ,"2,464.30","2,468.70","2,413.70","2,464.40","2,425.70","2,431.60","2,432.80","3,394.90","2,124.75",702217,"1,70,83,55,787.60",60107
24-Apr-2025,EQ,"2,450.00","2,491.00","2,435.90","2,453.10","2,466.40","2,464.40","2,465.69","3,394.90","2,124.75",1203452,"2,96,73,36,184.40",77050
23-Apr-2025,EQ,"2,437.00","2,456.60","2,425.60","2,432.00","2,447.50","2,453.10","2,443.84","3,394.90","2,124.75",744696,"1,81,99,20,596.40",53899
22-Apr-2025,EQ,"2,445.00","2,450.00","2,413.50","2,445.00","2,428.00","2,432.00","2,434.93","3,394.90","2,124.75",543658,"1,32,37,69,901.60",52528
21-Apr-2025,EQ,"2,465.90","2,470.90","2,441.00","2,467.90","2,444.80","2,445.00","2,455.74","3,394.90","2,124.75",541913,"1,33,07,97,649.80",43480
17-Apr-2025,EQ,"2,459.90","2,476.40","2,431.00","2,459.90","2,465.00","2,467.90","2,462.16","3,394.90","2,124.75",885842,"2,18,10,85,537.10",76147
16-Apr-2025,EQ,"2,405.10","2,468.50","2,403.70","2,415.70","2,456.00","2,459.90","2,451.03","3,394.90","2,124.75",1166700,"2,85,96,11,268.60",63155
15-Apr-2025,EQ,"2,414.90","2,425.00","2,385.00","2,393.60","2,419.00","2,415.70","2,409.09","3,394.90","2,124.75",1141279,"2,74,94,44,084.70",60826
11-Apr-2025,EQ,"2,439.50","2,448.00","2,380.25","2,411.15","2,393.00","2,393.60","2,396.76","3,394.90","2,124.75",968152,"2,32,04,26,188.00",67208
09-Apr-2025,EQ,"2,400.00","2,429.45","2,390.90","2,394.20","2,409.15","2,411.15","2,415.28","3,394.90","2,124.75",1186947,"2,86,68,11,898.20",81370
08-Apr-2025,EQ,"2,356.00","2,420.00","2,356.00","2,341.35","2,394.20","2,394.20","2,395.31","3,394.90","2,124.75",1876867,"4,49,56,81,154.35",115340
07-Apr-2025,EQ,"2,190.00","2,354.00","2,190.00","2,356.05","2,344.00","2,341.35","2,329.16","3,394.90","2,124.75",1745827,"4,06,63,09,645.10",139328
04-Apr-2025,EQ,"2,349.40","2,363.95","2,302.80","2,349.40","2,352.50","2,356.05","2,337.20","3,394.90","2,124.75",1163188,"2,71,85,99,396.85",59655
03-Apr-2025,EQ,"2,295.00","2,354.90","2,289.80","2,306.65","2,347.70","2,349.40","2,339.57","3,394.90","2,124.75",608846,"1,42,44,39,299.45",46641
02-Apr-2025,EQ,"2,328.00","2,328.40","2,292.15","2,316.00","2,308.95","2,306.65","2,303.78","3,394.90","2,124.75",792695,"1,82,61,96,169.70",37627
01-Apr-2025,EQ,"2,342.00","2,361.70","2,305.75","2,340.65","2,316.70","2,316.00","2,326.81","3,394.90","2,124.75",970583,"2,25,83,65,027.60",60637
28-Mar-2025,EQ,"2,343.95","2,364.00","2,325.00","2,338.10","2,326.25","2,340.65","2,343.47","3,394.90","2,124.75",1281871,"3,00,40,27,398.60",67780
27-Mar-2025,EQ,"2,315.00","2,350.10","2,290.50","2,323.15","2,340.00","2,338.10","2,330.53","3,394.90","2,124.75",1497869,"3,49,08,26,200.35",80747